[
  {
    "filename": "kaito_meiko_！？.gif",
    "label": "！？",
    "tags": [
      "kaito",
      "meiko"
    ]
  },
  {
    "filename": "len_嘲笑.gif",
    "label": "嘲笑",
    "tags": [
      "len"
    ]
  },
  {
    "filename": "len_思考.png",
    "label": "思考",
    "tags": [
      "len"
    ]
  },
  {
    "filename": "luka_奇怪姿势.png",
    "label": "奇怪姿势",
    "tags": [
      "luka"
    ]
  },
  {
    "filename": "luka_惊讶.png",
    "label": "惊讶",
    "tags": [
      "luka"
    ]
  },
  {
    "filename": "luka_疑问.png",
    "label": "疑问",
    "tags": [
      "luka"
    ]
  },
  {
    "filename": "miku_fufu打架.gif",
    "label": "fufu打架",
    "tags": [
      "miku"
    ]
  },
  {
    "filename": "miku_fufu打架2.gif",
    "label": "fufu打架2",
    "tags": [
      "miku"
    ]
  },
  {
    "filename": "miku_fufu捂嘴哭.gif",
    "label": "fufu捂嘴哭",
    "tags": [
      "miku"
    ]
  },
  {
    "filename": "miku_fufu要吃饭.gif",
    "label": "fufu要吃饭",
    "tags": [
      "miku"
    ]
  },
  {
    "filename": "miku_fufu要吃饭2.gif",
    "label": "fufu要吃饭2",
    "tags": [
      "miku"
    ]
  },
  {
    "filename": "miku_fufu超拽.jpg",
    "label": "fufu超拽",
    "tags": [
      "miku"
    ]
  },
  {
    "filename": "miku_fufu震惊.jpg",
    "label": "fufu震惊",
    "tags": [
      "miku"
    ]
  },
  {
    "filename": "miku_fufu霸凌.gif",
    "label": "fufu霸凌",
    "tags": [
      "miku"
    ]
  },
  {
    "filename": "miku_HELP.png",
    "label": "HELP",
    "tags": [
      "miku"
    ]
  },
  {
    "filename": "miku_HERO拳击.gif",
    "label": "HERO拳击",
    "tags": [
      "miku"
    ]
  },
  {
    "filename": "miku_luka_啪.jpg",
    "label": "啪",
    "tags": [
      "miku",
      "luka"
    ]
  },
  {
    "filename": "miku_luka_贴贴.png",
    "label": "贴贴",
    "tags": [
      "miku",
      "luka"
    ]
  },
  {
    "filename": "miku_luka_闪耀.png",
    "label": "闪耀",
    "tags": [
      "miku",
      "luka"
    ]
  },
  {
    "filename": "miku_mua葱.jpg",
    "label": "mua葱",
    "tags": [
      "miku"
    ]
  },
  {
    "filename": "miku_rin_敲桌.gif",
    "label": "敲桌",
    "tags": [
      "miku",
      "rin"
    ]
  },
  {
    "filename": "miku_Thank you.png",
    "label": "Thank you",
    "tags": [
      "miku"
    ]
  },
  {
    "filename": "miku_ミクミクミ？.jpg",
    "label": "ミクミクミ？",
    "tags": [
      "miku"
    ]
  },
  {
    "filename": "miku_上供.jpg",
    "label": "上供",
    "tags": [
      "miku"
    ]
  },
  {
    "filename": "miku_人类为什么要起床.jpg",
    "label": "人类为什么要起床",
    "tags": [
      "miku"
    ]
  },
  {
    "filename": "miku_你就是歌姬吧.jpg",
    "label": "你就是歌姬吧",
    "tags": [
      "miku"
    ]
  },
  {
    "filename": "miku_你当我是便宜货啊.jpg",
    "label": "你当我是便宜货啊",
    "tags": [
      "miku"
    ]
  },
  {
    "filename": "miku_你根本不是miku粉.jpg",
    "label": "你根本不是miku粉",
    "tags": [
      "miku"
    ]
  },
  {
    "filename": "miku_初音未来天下第一.jpg",
    "label": "初音未来天下第一",
    "tags": [
      "miku"
    ]
  },
  {
    "filename": "miku_加载中.gif",
    "label": "加载中",
    "tags": [
      "miku"
    ]
  },
  {
    "filename": "miku_只要有初音，生活就有希望.jpg",
    "label": "只要有初音，生活就有希望",
    "tags": [
      "miku"
    ]
  },
  {
    "filename": "miku_吃棒棒糖.jpg",
    "label": "吃棒棒糖",
    "tags": [
      "miku"
    ]
  },
  {
    "filename": "miku_吃饭团.png",
    "label": "吃饭团",
    "tags": [
      "miku"
    ]
  },
  {
    "filename": "miku_咬一口.gif",
    "label": "咬一口",
    "tags": [
      "miku"
    ]
  },
  {
    "filename": "miku_哭哭.gif",
    "label": "哭哭",
    "tags": [
      "miku"
    ]
  },
  {
    "filename": "miku_啊.jpg",
    "label": "啊",
    "tags": [
      "miku"
    ]
  },
  {
    "filename": "miku_嘲笑.gif",
    "label": "嘲笑",
    "tags": [
      "miku"
    ]
  },
  {
    "filename": "miku_噗.jpg",
    "label": "噗",
    "tags": [
      "miku"
    ]
  },
  {
    "filename": "miku_因为太摸鱼被绑了起来.jpg",
    "label": "因为太摸鱼被绑了起来",
    "tags": [
      "miku"
    ]
  },
  {
    "filename": "miku_大降临.png",
    "label": "大降临",
    "tags": [
      "miku"
    ]
  },
  {
    "filename": "miku_失落.png",
    "label": "失落",
    "tags": [
      "miku"
    ]
  },
  {
    "filename": "miku_女神.png",
    "label": "女神",
    "tags": [
      "miku"
    ]
  },
  {
    "filename": "miku_嫌弃.gif",
    "label": "嫌弃",
    "tags": [
      "miku"
    ]
  },
  {
    "filename": "miku_害怕.gif",
    "label": "害怕",
    "tags": [
      "miku"
    ]
  },
  {
    "filename": "miku_床以外的世界不适合我.jpg",
    "label": "床以外的世界不适合我",
    "tags": [
      "miku"
    ]
  },
  {
    "filename": "miku_待机中.png",
    "label": "待机中",
    "tags": [
      "miku"
    ]
  },
  {
    "filename": "miku_怒砸手绘板.gif",
    "label": "怒砸手绘板",
    "tags": [
      "miku"
    ]
  },
  {
    "filename": "miku_恐龙生气.jpg",
    "label": "恐龙生气",
    "tags": [
      "miku"
    ]
  },
  {
    "filename": "miku_悲伤.jpg",
    "label": "悲伤",
    "tags": [
      "miku"
    ]
  },
  {
    "filename": "miku_我已经没有钱了.jpg",
    "label": "我已经没有钱了",
    "tags": [
      "miku"
    ]
  },
  {
    "filename": "miku_我是骑士团.jpg",
    "label": "我是骑士团",
    "tags": [
      "miku"
    ]
  },
  {
    "filename": "miku_我永远喜欢miku.gif",
    "label": "我永远喜欢miku",
    "tags": [
      "miku"
    ]
  },
  {
    "filename": "miku_我永远喜欢初音未来.jpg",
    "label": "我永远喜欢初音未来",
    "tags": [
      "miku"
    ]
  },
  {
    "filename": "miku_我爱你们每一个.gif",
    "label": "我爱你们每一个",
    "tags": [
      "miku"
    ]
  },
  {
    "filename": "miku_我的钱钱怎么没有了.jpg",
    "label": "我的钱钱怎么没有了",
    "tags": [
      "miku"
    ]
  },
  {
    "filename": "miku_我要玩pjsk.gif",
    "label": "我要玩pjsk",
    "tags": [
      "miku"
    ]
  },
  {
    "filename": "miku_戳脸.gif",
    "label": "戳脸",
    "tags": [
      "miku"
    ]
  },
  {
    "filename": "miku_抢旗子.gif",
    "label": "抢旗子",
    "tags": [
      "miku"
    ]
  },
  {
    "filename": "miku_抱住可爱的公主殿下.jpg",
    "label": "抱住可爱的公主殿下",
    "tags": [
      "miku"
    ]
  },
  {
    "filename": "miku_抱紧miku.jpg",
    "label": "抱紧miku",
    "tags": [
      "miku"
    ]
  },
  {
    "filename": "miku_挥舞荧光棒.gif",
    "label": "挥舞荧光棒",
    "tags": [
      "miku"
    ]
  },
  {
    "filename": "miku_挺起tan90°的胸.jpg",
    "label": "挺起tan90°的胸",
    "tags": [
      "miku"
    ]
  },
  {
    "filename": "miku_掐脸.jpg",
    "label": "掐脸",
    "tags": [
      "miku"
    ]
  },
  {
    "filename": "miku_探头.gif",
    "label": "探头",
    "tags": [
      "miku"
    ]
  },
  {
    "filename": "miku_搞快点.jpg",
    "label": "搞快点",
    "tags": [
      "miku"
    ]
  },
  {
    "filename": "miku_摇摆.gif",
    "label": "摇摆",
    "tags": [
      "miku"
    ]
  },
  {
    "filename": "miku_旋转双马尾.gif",
    "label": "旋转双马尾",
    "tags": [
      "miku"
    ]
  },
  {
    "filename": "miku_汤姆猫.jpg",
    "label": "汤姆猫",
    "tags": [
      "miku"
    ]
  },
  {
    "filename": "miku_没有钱.jpg",
    "label": "没有钱",
    "tags": [
      "miku"
    ]
  },
  {
    "filename": "miku_猫猫招手.gif",
    "label": "猫猫招手",
    "tags": [
      "miku"
    ]
  },
  {
    "filename": "miku_生日快乐.png",
    "label": "生日快乐",
    "tags": [
      "miku"
    ]
  },
  {
    "filename": "miku_睡觉偷偷玩.gif",
    "label": "睡觉偷偷玩",
    "tags": [
      "miku"
    ]
  },
  {
    "filename": "miku_破坏！破坏！.png",
    "label": "破坏！破坏！",
    "tags": [
      "miku"
    ]
  },
  {
    "filename": "miku_笑死在墙上.jpg",
    "label": "笑死在墙上",
    "tags": [
      "miku"
    ]
  },
  {
    "filename": "miku_笑死在天花板上.jpg",
    "label": "笑死在天花板上",
    "tags": [
      "miku"
    ]
  },
  {
    "filename": "miku_笑死在街上.jpg",
    "label": "笑死在街上",
    "tags": [
      "miku"
    ]
  },
  {
    "filename": "miku_笑的毛都飞起来了.jpg",
    "label": "笑的毛都飞起来了",
    "tags": [
      "miku"
    ]
  },
  {
    "filename": "miku_等下你家米就没了.jpg",
    "label": "等下你家米就没了",
    "tags": [
      "miku"
    ]
  },
  {
    "filename": "miku_缴💴不杀.jpg",
    "label": "缴💴不杀",
    "tags": [
      "miku"
    ]
  },
  {
    "filename": "miku_翻滚.gif",
    "label": "翻滚",
    "tags": [
      "miku"
    ]
  },
  {
    "filename": "miku_自闭.jpg",
    "label": "自闭",
    "tags": [
      "miku"
    ]
  },
  {
    "filename": "miku_臭.jpg",
    "label": "臭",
    "tags": [
      "miku"
    ]
  },
  {
    "filename": "miku_舔波板糖.jpg",
    "label": "舔波板糖",
    "tags": [
      "miku"
    ]
  },
  {
    "filename": "miku_葱.png",
    "label": "葱",
    "tags": [
      "miku"
    ]
  },
  {
    "filename": "miku_被生活压垮.jpg",
    "label": "被生活压垮",
    "tags": [
      "miku"
    ]
  },
  {
    "filename": "miku_被风吹到.gif",
    "label": "被风吹到",
    "tags": [
      "miku"
    ]
  },
  {
    "filename": "miku_裹紧被子.jpg",
    "label": "裹紧被子",
    "tags": [
      "miku"
    ]
  },
  {
    "filename": "miku_要不你再充十万试试？.jpg",
    "label": "要不你再充十万试试？",
    "tags": [
      "miku"
    ]
  },
  {
    "filename": "miku_记录罪证.jpg",
    "label": "记录罪证",
    "tags": [
      "miku"
    ]
  },
  {
    "filename": "miku_赞.png",
    "label": "赞",
    "tags": [
      "miku"
    ]
  },
  {
    "filename": "miku_跨起个小fu脸.jpg",
    "label": "跨起个小fu脸",
    "tags": [
      "miku"
    ]
  },
  {
    "filename": "miku_这简直叹为观止.jpg",
    "label": "这简直叹为观止",
    "tags": [
      "miku"
    ]
  },
  {
    "filename": "miku_违反！违反！.png",
    "label": "违反！违反！",
    "tags": [
      "miku"
    ]
  },
  {
    "filename": "miku_遇到困难睡大觉.jpg",
    "label": "遇到困难睡大觉",
    "tags": [
      "miku"
    ]
  },
  {
    "filename": "miku_雪fufu要吃饭.gif",
    "label": "雪fufu要吃饭",
    "tags": [
      "miku"
    ]
  },
  {
    "filename": "rin_len_Fooooooo.png",
    "label": "Fooooooo",
    "tags": [
      "rin",
      "len"
    ]
  },
  {
    "filename": "rin_len_惊讶.png",
    "label": "惊讶",
    "tags": [
      "rin",
      "len"
    ]
  },
  {
    "filename": "rin_len_爱心.png",
    "label": "爱心",
    "tags": [
      "rin",
      "len"
    ]
  },
  {
    "filename": "rin_len_疑问.png",
    "label": "疑问",
    "tags": [
      "rin",
      "len"
    ]
  },
  {
    "filename": "rin_len_睡觉.png",
    "label": "睡觉",
    "tags": [
      "rin",
      "len"
    ]
  }
]